"","mixture_collection","indiv","repunit","rep_pofz"
"1","JSOES_May2024","90839-001","chinook",1
"2","JSOES_May2024","90839-001","chum",2.74928793847735e-93
"3","JSOES_May2024","90839-002","chinook",1
"4","JSOES_May2024","90839-002","chum",3.08993167386316e-92
"5","JSOES_May2024","90839-003","chinook",1
"6","JSOES_May2024","90839-003","chum",1.21227808583747e-52
"7","JSOES_May2024","90839-004","chinook",1
"8","JSOES_May2024","90839-004","chum",9.35897403987539e-77
"9","JSOES_May2024","90839-005","chinook",1
"10","JSOES_May2024","90839-005","steelhead",3.3068237127675e-74
"11","JSOES_May2024","90839-006","chinook",1
"12","JSOES_May2024","90839-006","chum",3.75910777844522e-82
"13","JSOES_May2024","90839-007","chinook",1
"14","JSOES_May2024","90839-007","chum",5.06111666266247e-88
"15","JSOES_May2024","90839-008","chinook",1
"16","JSOES_May2024","90839-008","chum",4.17442981951085e-81
"17","JSOES_May2024","90839-009","chinook",1
"18","JSOES_May2024","90839-009","chum",1.12251991801893e-76
"19","JSOES_May2024","90839-010","chinook",1
"20","JSOES_May2024","90839-010","chum",4.57122208031637e-82
"21","JSOES_May2024","90839-011","chinook",1
"22","JSOES_May2024","90839-011","chum",9.06209037013817e-84
"23","JSOES_May2024","90839-012","chinook",1
"24","JSOES_May2024","90839-012","chum",8.72536571972516e-74
"25","JSOES_May2024","90839-013","chinook",1
"26","JSOES_May2024","90839-013","chum",1.12574022324486e-68
"27","JSOES_May2024","90839-014","chinook",1
"28","JSOES_May2024","90839-014","sockeye",3.36271550937211e-77
"29","JSOES_May2024","90839-015","chinook",1
"30","JSOES_May2024","90839-015","chum",8.09333008384863e-63
"31","JSOES_May2024","90839-016","chinook",1
"32","JSOES_May2024","90839-016","chum",3.21178843938737e-64
"33","JSOES_May2024","90839-017","chinook",1
"34","JSOES_May2024","90839-017","chum",9.04619133490347e-71
"35","JSOES_May2024","90839-018","chinook",1
"36","JSOES_May2024","90839-018","chum",2.61860760265395e-74
"37","JSOES_May2024","90839-019","chinook",1
"38","JSOES_May2024","90839-019","chum",1.46159479000285e-77
"39","JSOES_May2024","90839-020","chinook",1
"40","JSOES_May2024","90839-020","chum",7.50850465464229e-77
"41","JSOES_May2024","90839-021","chinook",1
"42","JSOES_May2024","90839-021","chum",6.48421561151446e-52
"43","JSOES_May2024","90839-022","chinook",1
"44","JSOES_May2024","90839-022","chum",2.34807662662694e-81
"45","JSOES_May2024","90839-023","chinook",1
"46","JSOES_May2024","90839-023","chum",5.90620080102802e-74
"47","JSOES_May2024","90839-024","chinook",1
"48","JSOES_May2024","90839-024","chum",1.3527823346358e-56
"49","JSOES_May2024","90839-025","chinook",1
"50","JSOES_May2024","90839-025","chum",8.24171099801029e-68
"51","JSOES_May2024","90839-026","chinook",1
"52","JSOES_May2024","90839-026","chum",3.11843238379548e-87
"53","JSOES_May2024","90839-027","chinook",1
"54","JSOES_May2024","90839-027","chum",1.72466556323883e-80
"55","JSOES_May2024","90839-028","chinook",1
"56","JSOES_May2024","90839-028","steelhead",2.59876335076368e-96
"57","JSOES_May2024","90839-029","chinook",1
"58","JSOES_May2024","90839-029","chum",6.73550359818348e-81
"59","JSOES_May2024","90839-030","chinook",1
"60","JSOES_May2024","90839-030","chum",4.81185588867308e-96
"61","JSOES_May2024","90839-031","chinook",1
"62","JSOES_May2024","90839-031","chum",5.93684368536928e-81
"63","JSOES_May2024","90839-032","chinook",1
"64","JSOES_May2024","90839-032","chum",2.21213256359161e-80
"65","JSOES_May2024","90839-033","chinook",1
"66","JSOES_May2024","90839-033","chum",8.50078501897479e-82
"67","JSOES_May2024","90839-034","chinook",1
"68","JSOES_May2024","90839-034","chum",1.00185502053765e-85
"69","JSOES_May2024","90839-035","chinook",1
"70","JSOES_May2024","90839-035","chum",3.7337191803487e-73
"71","JSOES_May2024","90839-036","chinook",1
"72","JSOES_May2024","90839-036","chum",7.496873414522e-90
"73","JSOES_May2024","90839-038","chinook",1
"74","JSOES_May2024","90839-038","chum",2.58964071022529e-63
"75","JSOES_May2024","90839-039","chinook",1
"76","JSOES_May2024","90839-039","chum",5.83173285932219e-58
"77","JSOES_May2024","90839-040","chinook",1
"78","JSOES_May2024","90839-040","chum",2.37156857159051e-79
"79","JSOES_May2024","90839-041","chinook",1
"80","JSOES_May2024","90839-041","chum",2.37136620939119e-68
"81","JSOES_May2024","90839-042","chinook",1
"82","JSOES_May2024","90839-042","chum",6.91405262204099e-62
"83","JSOES_May2024","90839-043","chinook",1
"84","JSOES_May2024","90839-043","chum",1.18424180850343e-76
"85","JSOES_May2024","90839-044","chinook",1
"86","JSOES_May2024","90839-044","chum",1.06200153198167e-80
"87","JSOES_May2024","90839-045","chinook",1
"88","JSOES_May2024","90839-045","chum",5.2870810106621e-74
"89","JSOES_May2024","90839-046","chinook",1
"90","JSOES_May2024","90839-046","chum",1.19119113200815e-33
"91","JSOES_May2024","90839-047","chinook",1
"92","JSOES_May2024","90839-047","chum",1.32875004191757e-68
"93","JSOES_May2024","90839-048","chinook",1
"94","JSOES_May2024","90839-048","chum",1.77445140726217e-61
"95","JSOES_May2024","90839-049","chinook",1
"96","JSOES_May2024","90839-049","chum",5.16040519677219e-73
"97","JSOES_May2024","90839-050","chinook",1
"98","JSOES_May2024","90839-050","chum",2.03985409484119e-59
"99","JSOES_May2024","90839-051","chinook",1
"100","JSOES_May2024","90839-051","chum",2.10210603050767e-58
"101","JSOES_May2024","90839-052","chinook",1
"102","JSOES_May2024","90839-052","chum",1.21288129643462e-74
"103","JSOES_May2024","90839-053","chinook",1
"104","JSOES_May2024","90839-053","chum",2.51423566869366e-70
"105","JSOES_May2024","90839-054","chinook",1
"106","JSOES_May2024","90839-054","chum",8.26911757176467e-66
"107","JSOES_May2024","90839-055","chinook",1
"108","JSOES_May2024","90839-055","chum",4.92786400978361e-76
"109","JSOES_May2024","90839-056","chinook",1
"110","JSOES_May2024","90839-056","chum",2.34167394307639e-74
"111","JSOES_May2024","90839-057","chinook",1
"112","JSOES_May2024","90839-057","chum",3.82050096633744e-60
"113","JSOES_May2024","90839-058","chinook",1
"114","JSOES_May2024","90839-058","chum",1.78932754033284e-47
"115","JSOES_May2024","90839-059","chinook",1
"116","JSOES_May2024","90839-059","sockeye",3.08352075587073e-76
"117","JSOES_May2024","90839-060","chinook",1
"118","JSOES_May2024","90839-060","chum",2.41368980979538e-60
"119","JSOES_May2024","90839-061","chinook",1
"120","JSOES_May2024","90839-061","chum",7.25263059690011e-67
"121","JSOES_May2024","90839-062","chinook",1
"122","JSOES_May2024","90839-062","chum",2.09578486937367e-47
"123","JSOES_May2024","90839-063","chinook",1
"124","JSOES_May2024","90839-063","chum",1.6243234721421e-48
"125","JSOES_May2024","90839-064","chinook",1
"126","JSOES_May2024","90839-064","chum",1.87728951611971e-20
"127","JSOES_May2024","90839-065","chinook",1
"128","JSOES_May2024","90839-065","chum",1.63061839203777e-54
"129","JSOES_May2024","90839-066","chinook",1
"130","JSOES_May2024","90839-066","chum",1.3124799471924e-82
"131","JSOES_May2024","90839-067","chinook",1
"132","JSOES_May2024","90839-067","chum",2.96923916084315e-79
"133","JSOES_May2024","90839-068","chinook",1
"134","JSOES_May2024","90839-068","chum",1.58629765294616e-51
"135","JSOES_May2024","90839-069","chinook",1
"136","JSOES_May2024","90839-069","chum",6.090155902974e-66
"137","JSOES_May2024","90839-070","chinook",1
"138","JSOES_May2024","90839-070","chum",6.55706829865646e-51
"139","JSOES_May2024","90839-071","chinook",1
"140","JSOES_May2024","90839-071","chum",8.64136218477902e-70
"141","JSOES_May2024","90839-072","chinook",1
"142","JSOES_May2024","90839-072","chum",4.65171115684294e-67
"143","JSOES_May2024","90839-073","chinook",1
"144","JSOES_May2024","90839-073","chum",8.12654984167648e-44
"145","JSOES_May2024","90839-074","chinook",1
"146","JSOES_May2024","90839-074","chum",1.0812573754494e-55
"147","JSOES_May2024","90839-075","chinook",1
"148","JSOES_May2024","90839-075","chum",1.54774037097527e-58
"149","JSOES_May2024","90839-076","chinook",1
"150","JSOES_May2024","90839-076","chum",3.22011755806047e-79
"151","JSOES_May2024","90839-077","chinook",1
"152","JSOES_May2024","90839-077","chum",2.38730276268357e-64
"153","JSOES_May2024","90839-078","chinook",1
"154","JSOES_May2024","90839-078","chum",8.41904956783089e-54
"155","JSOES_May2024","90839-079","chinook",1
"156","JSOES_May2024","90839-079","chum",2.9527969818754e-84
"157","JSOES_May2024","90839-080","chinook",1
"158","JSOES_May2024","90839-080","chum",1.34860656050904e-65
"159","JSOES_May2024","90839-081","chinook",1
"160","JSOES_May2024","90839-081","chum",4.37336902007311e-69
"161","JSOES_May2024","90839-082","chinook",1
"162","JSOES_May2024","90839-082","chum",4.47003865925416e-56
"163","JSOES_May2024","90839-083","chinook",1
"164","JSOES_May2024","90839-083","chum",8.27180850699721e-83
"165","JSOES_May2024","90839-084","chinook",1
"166","JSOES_May2024","90839-084","chum",6.19061355080783e-53
"167","JSOES_May2024","90839-085","chinook",1
"168","JSOES_May2024","90839-085","chum",1.8900896636716e-45
"169","JSOES_May2024","90839-086","chinook",1
"170","JSOES_May2024","90839-086","chum",7.03672125836252e-68
"171","JSOES_May2024","90839-087","chinook",1
"172","JSOES_May2024","90839-087","chum",3.50072627666287e-70
"173","JSOES_May2024","90839-088","chinook",1
"174","JSOES_May2024","90839-088","chum",8.72393785184445e-68
"175","JSOES_May2024","90839-089","chinook",1
"176","JSOES_May2024","90839-089","chum",6.96729903625808e-65
"177","JSOES_May2024","90839-090","chinook",1
"178","JSOES_May2024","90839-090","chum",1.85234803149847e-49
"179","JSOES_May2024","90839-091","chinook",1
"180","JSOES_May2024","90839-091","chum",2.33937427869514e-63
"181","JSOES_May2024","90839-092","chinook",1
"182","JSOES_May2024","90839-092","chum",7.31059357006466e-79
"183","JSOES_May2024","90839-093","chinook",1
"184","JSOES_May2024","90839-093","chum",1.59133818247212e-71
"185","JSOES_May2024","90839-094","chinook",1
"186","JSOES_May2024","90839-094","chum",7.30246035093723e-75
"187","JSOES_May2024","90839-095","chinook",1
"188","JSOES_May2024","90839-095","chum",2.27917537683093e-66
"189","JSOES_May2024","90839-096","chinook",1
"190","JSOES_May2024","90839-096","chum",2.20983677479672e-66
"191","JSOES_May2024","90839-097","chinook",1
"192","JSOES_May2024","90839-097","chum",5.36164687234458e-63
"193","JSOES_May2024","90839-098","chinook",1
"194","JSOES_May2024","90839-098","chum",4.13283038185193e-87
"195","JSOES_May2024","90839-099","chinook",1
"196","JSOES_May2024","90839-099","chum",1.17201065266862e-42
"197","JSOES_May2024","90839-100","chinook",1
"198","JSOES_May2024","90839-100","chum",1.55283230838334e-63
"199","JSOES_May2024","90839-101","chinook",1
"200","JSOES_May2024","90839-101","chum",1.31986813806249e-52
"201","JSOES_May2024","90839-102","chinook",1
"202","JSOES_May2024","90839-102","chum",3.27260866506566e-65
"203","JSOES_May2024","90839-103","chinook",0.00467436807138484
"204","JSOES_May2024","90839-103","chum",0.995325625929044
"205","JSOES_May2024","90839-104","chinook",1
"206","JSOES_May2024","90839-104","chum",5.7526034411155e-72
"207","JSOES_May2024","90839-105","chinook",1
"208","JSOES_May2024","90839-105","chum",1.33681157146739e-73
"209","JSOES_May2024","90839-106","chinook",1
"210","JSOES_May2024","90839-106","chum",1.85261958892868e-100
"211","JSOES_May2024","90839-107","chinook",1
"212","JSOES_May2024","90839-107","chum",1.38414714100063e-75
"213","JSOES_May2024","90839-108","chinook",1
"214","JSOES_May2024","90839-108","chum",4.79057217745341e-67
"215","JSOES_May2024","90839-109","chinook",1
"216","JSOES_May2024","90839-109","chum",2.83729348368805e-47
"217","JSOES_May2024","90839-110","chinook",1
"218","JSOES_May2024","90839-110","chum",3.26306391499718e-63
"219","JSOES_May2024","90839-111","chinook",1
"220","JSOES_May2024","90839-111","chum",1.09486836358254e-35
"221","JSOES_May2024","90839-112","chinook",1
"222","JSOES_May2024","90839-112","chum",5.88322035126613e-66
"223","JSOES_May2024","90839-113","chinook",1
"224","JSOES_May2024","90839-113","chum",1.3477968526868e-60
"225","JSOES_May2024","90839-114","chinook",1
"226","JSOES_May2024","90839-114","chum",3.68161834906593e-73
"227","JSOES_May2024","90839-115","chinook",1
"228","JSOES_May2024","90839-115","chum",2.13998567993268e-67
"229","JSOES_May2024","90839-116","chinook",1
"230","JSOES_May2024","90839-116","chum",1.23029180722736e-61
"231","JSOES_May2024","90839-117","chum",0.99999999717756
"232","JSOES_May2024","90839-117","sockeye",2.82243961778109e-09
"233","JSOES_May2024","90839-118","chinook",1
"234","JSOES_May2024","90839-118","chum",2.56733931881876e-71
"235","JSOES_May2024","90839-119","chinook",1
"236","JSOES_May2024","90839-119","chum",5.46813752255601e-47
"237","JSOES_May2024","90839-120","chinook",1
"238","JSOES_May2024","90839-120","chum",2.0335827963616e-72
"239","JSOES_May2024","90839-121","chinook",1
"240","JSOES_May2024","90839-121","chum",4.71906770893757e-69
"241","JSOES_May2024","90839-122","chinook",1
"242","JSOES_May2024","90839-122","chum",6.98255608929053e-69
"243","JSOES_May2024","90839-123","chinook",1
"244","JSOES_May2024","90839-123","chum",4.43549556511376e-65
"245","JSOES_May2024","90839-124","chinook",1
"246","JSOES_May2024","90839-124","chum",6.5245147313084e-61
"247","JSOES_May2024","90839-125","chinook",1
"248","JSOES_May2024","90839-125","chum",4.68564563359904e-78
"249","JSOES_May2024","90839-126","chinook",1
"250","JSOES_May2024","90839-126","chum",2.49999706721208e-81
"251","JSOES_May2024","90839-127","chinook",1
"252","JSOES_May2024","90839-127","chum",4.63608262657035e-69
"253","JSOES_May2024","90839-128","chinook",1
"254","JSOES_May2024","90839-128","chum",4.21914495668913e-56
"255","JSOES_May2024","90839-129","chinook",1
"256","JSOES_May2024","90839-129","chum",9.14424052385515e-65
"257","JSOES_May2024","90839-130","chinook",1
"258","JSOES_May2024","90839-130","chum",2.62867054646529e-45
"259","JSOES_May2024","90839-131","chinook",1
"260","JSOES_May2024","90839-131","chum",4.66456208099608e-41
"261","JSOES_May2024","90839-132","chinook",1
"262","JSOES_May2024","90839-132","chum",3.9227684150243e-30
"263","JSOES_May2024","90839-133","chinook",1
"264","JSOES_May2024","90839-133","chum",1.00686802425539e-36
"265","JSOES_May2024","90839-134","chinook",1
"266","JSOES_May2024","90839-134","chum",5.87471456471198e-88
"267","JSOES_May2024","90839-135","chinook",1
"268","JSOES_May2024","90839-135","chum",4.31034971168441e-72
"269","JSOES_May2024","90839-136","chinook",1
"270","JSOES_May2024","90839-136","chum",4.77007141111736e-51
"271","JSOES_May2024","90839-137","chinook",1
"272","JSOES_May2024","90839-137","chum",5.33484289700119e-67
"273","JSOES_May2024","90839-138","chinook",1
"274","JSOES_May2024","90839-138","chum",7.20409802933309e-52
"275","JSOES_May2024","90839-139","chinook",1
"276","JSOES_May2024","90839-139","chum",2.41225378372119e-56
"277","JSOES_May2024","90839-140","chinook",1
"278","JSOES_May2024","90839-140","chum",1.19908555684355e-68
"279","JSOES_May2024","90839-141","chinook",1
"280","JSOES_May2024","90839-141","chum",1.49989332085984e-70
"281","JSOES_May2024","90839-142","chinook",1
"282","JSOES_May2024","90839-142","chum",6.00941379241288e-43
"283","JSOES_May2024","90839-143","chinook",1
"284","JSOES_May2024","90839-143","chum",5.03147104221255e-53
"285","JSOES_May2024","90839-144","chinook",1
"286","JSOES_May2024","90839-144","chum",8.62903455390824e-84
"287","JSOES_May2024","90839-145","chinook",1
"288","JSOES_May2024","90839-145","chum",4.9478574829679e-75
"289","JSOES_May2024","90839-146","chinook",1
"290","JSOES_May2024","90839-146","sockeye",2.28108770771001e-51
"291","JSOES_May2024","90839-147","chinook",1
"292","JSOES_May2024","90839-147","chum",1.1529851686139e-39
"293","JSOES_May2024","90839-148","chinook",1
"294","JSOES_May2024","90839-148","chum",2.02592302791087e-54
"295","JSOES_May2024","90839-149","chinook",1
"296","JSOES_May2024","90839-149","chum",2.02840433167513e-71
"297","JSOES_May2024","90839-150","chinook",1
"298","JSOES_May2024","90839-150","chum",3.07906261747569e-38
"299","JSOES_May2024","90839-151","chinook",1
"300","JSOES_May2024","90839-151","chum",8.70307777977496e-63
"301","JSOES_May2024","90839-152","chinook",1
"302","JSOES_May2024","90839-152","chum",1.70365787602158e-39
"303","JSOES_May2024","90839-153","chinook",1
"304","JSOES_May2024","90839-153","chum",3.30879305408278e-52
"305","JSOES_May2024","90839-154","chinook",1
"306","JSOES_May2024","90839-154","chum",1.25580520015346e-55
"307","JSOES_May2024","90839-155","chinook",1
"308","JSOES_May2024","90839-155","chum",5.52164520239798e-64
"309","JSOES_May2024","90839-156","chinook",1
"310","JSOES_May2024","90839-156","chum",7.62408402966732e-67
"311","JSOES_May2024","90839-157","chinook",1
"312","JSOES_May2024","90839-157","chum",1.26903033636025e-66
"313","JSOES_May2024","90839-158","chinook",1
"314","JSOES_May2024","90839-158","chum",6.18412490484492e-77
"315","JSOES_May2024","90839-159","chinook",1
"316","JSOES_May2024","90839-159","chum",1.53747465269219e-72
"317","JSOES_May2024","90839-160","chinook",1
"318","JSOES_May2024","90839-160","chum",1.3762823611357e-58
"319","JSOES_May2024","90839-161","chinook",1
"320","JSOES_May2024","90839-161","chum",7.31834019096522e-44
"321","JSOES_May2024","90839-162","chinook",1
"322","JSOES_May2024","90839-162","chum",1.58951597947738e-25
"323","JSOES_May2024","90839-163","chinook",1
"324","JSOES_May2024","90839-163","chum",3.43505421348666e-41
"325","JSOES_May2024","90839-164","chum",0.920970690150786
"326","JSOES_May2024","90839-164","pink",0.0790293098492155
"327","JSOES_May2024","90839-165","chinook",1
"328","JSOES_May2024","90839-165","chum",3.73740810816248e-18
"329","JSOES_May2024","90839-166","chinook",1
"330","JSOES_May2024","90839-166","chum",3.36221213087399e-38
"331","JSOES_May2024","90839-167","chinook",1
"332","JSOES_May2024","90839-167","chum",1.35624415192937e-39
"333","JSOES_May2024","90839-168","chinook",1
"334","JSOES_May2024","90839-168","chum",2.60431487674783e-42
"335","JSOES_May2024","90839-169","chinook",1
"336","JSOES_May2024","90839-169","chum",3.97659273727206e-76
"337","JSOES_May2024","90839-170","chinook",1
"338","JSOES_May2024","90839-170","chum",3.08365152397389e-42
"339","JSOES_May2024","90839-171","chinook",1
"340","JSOES_May2024","90839-171","chum",2.50816766506941e-59
"341","JSOES_May2024","90839-172","chinook",1
"342","JSOES_May2024","90839-172","chum",1.31782712539377e-72
"343","JSOES_May2024","90839-173","chinook",1
"344","JSOES_May2024","90839-173","chum",2.17396827183029e-56
"345","JSOES_May2024","90839-174","chinook",1
"346","JSOES_May2024","90839-174","chum",7.01665505463315e-55
"347","JSOES_May2024","90839-175","chinook",1
"348","JSOES_May2024","90839-175","chum",2.06075163719043e-70
"349","JSOES_May2024","90839-176","chinook",1
"350","JSOES_May2024","90839-176","chum",6.87124841456191e-58
"351","JSOES_May2024","90839-177","chinook",1
"352","JSOES_May2024","90839-177","chum",2.70919052018972e-65
"353","JSOES_May2024","90839-178","chinook",1
"354","JSOES_May2024","90839-178","chum",4.92368089464483e-58
"355","JSOES_May2024","90839-179","chinook",1
"356","JSOES_May2024","90839-179","chum",3.2530290365429e-49
"357","JSOES_May2024","90839-180","chinook",1
"358","JSOES_May2024","90839-180","chum",2.37306858970928e-85
"359","JSOES_May2024","90839-181","chinook",1
"360","JSOES_May2024","90839-181","chum",3.20854369480152e-71
"361","JSOES_May2024","90839-182","chinook",1
"362","JSOES_May2024","90839-182","chum",8.77424293493525e-59
"363","JSOES_May2024","90839-183","chinook",1
"364","JSOES_May2024","90839-183","chum",1.2847569522014e-67
"365","JSOES_May2024","90839-184","chinook",1
"366","JSOES_May2024","90839-184","chum",7.30945254585965e-60
"367","JSOES_May2024","90839-185","chinook",1
"368","JSOES_May2024","90839-185","chum",2.44453501107065e-62
"369","JSOES_May2024","90839-186","chinook",1
"370","JSOES_May2024","90839-186","chum",8.14455038497222e-78
"371","JSOES_May2024","90839-187","chinook",1
"372","JSOES_May2024","90839-187","chum",8.71892075428819e-56
"373","JSOES_May2024","90839-188","chinook",1
"374","JSOES_May2024","90839-188","chum",8.43058732383942e-49
"375","JSOES_May2024","90839-189","chinook",1
"376","JSOES_May2024","90839-189","chum",5.98219500363745e-66
"377","JSOES_May2024","90839-190","chinook",1
"378","JSOES_May2024","90839-190","chum",7.18032229885807e-64
"379","JSOES_May2024","90839-191","chinook",1
"380","JSOES_May2024","90839-191","chum",2.84548108730864e-55
"381","JSOES_May2024","90839-192","chinook",1
"382","JSOES_May2024","90839-192","chum",1.95743477955183e-62
"383","JSOES_May2024","90839-193","chinook",1
"384","JSOES_May2024","90839-193","chum",1.42735918136702e-57
"385","JSOES_May2024","90839-194","chum",0.999999397917189
"386","JSOES_May2024","90839-194","pink",6.02082490680505e-07
"387","JSOES_May2024","90839-195","chinook",1
"388","JSOES_May2024","90839-195","chum",6.72940017946145e-78
"389","JSOES_May2024","90839-196","chinook",1
"390","JSOES_May2024","90839-196","chum",6.7955010717512e-84
"391","JSOES_May2024","90839-197","chinook",1
"392","JSOES_May2024","90839-197","chum",5.69045092262564e-78
"393","JSOES_May2024","90839-198","chinook",1
"394","JSOES_May2024","90839-198","chum",3.22784224698377e-86
"395","JSOES_May2024","90839-199","chum",0.99999999999904
"396","JSOES_May2024","90839-199","sockeye",9.48848484817997e-13
"397","JSOES_May2024","90839-200","chinook",1
"398","JSOES_May2024","90839-200","chum",1.60980833094829e-87
"399","JSOES_May2024","90839-201","chinook",1
"400","JSOES_May2024","90839-201","chum",9.16134425383289e-78
"401","JSOES_May2024","90839-202","chinook",1
"402","JSOES_May2024","90839-202","chum",5.80868565685111e-68
"403","JSOES_May2024","90839-203","chinook",1
"404","JSOES_May2024","90839-203","chum",1.24284888675843e-96
"405","JSOES_May2024","90839-204","chinook",1
"406","JSOES_May2024","90839-204","chum",6.90120039093755e-65
"407","JSOES_May2024","90839-205","chinook",1
"408","JSOES_May2024","90839-205","chum",2.85825972161638e-83
"409","JSOES_May2024","90839-206","chum",1
"410","JSOES_May2024","90839-206","sockeye",7.26173409309162e-16
"411","JSOES_May2024","90839-207","chinook",1
"412","JSOES_May2024","90839-207","chum",2.35390091953642e-68
"413","JSOES_May2024","90839-208","chinook",1
"414","JSOES_May2024","90839-208","chum",2.79956332230458e-43
"415","JSOES_May2024","90839-209","chinook",1
"416","JSOES_May2024","90839-209","chum",2.9659883849207e-52
"417","JSOES_May2024","90839-210","chinook",1
"418","JSOES_May2024","90839-210","chum",4.00475461568587e-61
"419","JSOES_May2024","90839-211","chinook",1
"420","JSOES_May2024","90839-211","chum",1.37244555321701e-60
"421","JSOES_May2024","90839-212","chinook",1
"422","JSOES_May2024","90839-212","chum",5.45533231270155e-69
"423","JSOES_May2024","90839-213","chum",0.999999999999627
"424","JSOES_May2024","90839-213","sockeye",3.75128205116539e-13
"425","JSOES_May2024","90839-214","chinook",1
"426","JSOES_May2024","90839-214","chum",2.77240673366991e-59
"427","JSOES_May2024","90839-215","chinook",1
"428","JSOES_May2024","90839-215","chum",2.94919626096467e-85
"429","JSOES_May2024","90839-216","chinook",1
"430","JSOES_May2024","90839-216","chum",1.35300083880764e-61
"431","JSOES_May2024","90839-217","chinook",1
"432","JSOES_May2024","90839-217","chum",9.23179560725189e-77
"433","JSOES_May2024","90839-218","chinook",1
"434","JSOES_May2024","90839-218","chum",2.92539728329207e-90
"435","JSOES_May2024","90839-219","chinook",1
"436","JSOES_May2024","90839-219","chum",4.67865783152842e-88
"437","JSOES_May2024","90839-220","chinook",1
"438","JSOES_May2024","90839-220","chum",1.69678242582437e-93
"439","JSOES_May2024","90839-221","chinook",1
"440","JSOES_May2024","90839-221","chum",7.5592201030377e-76
"441","JSOES_May2024","90839-222","chinook",1
"442","JSOES_May2024","90839-222","chum",9.41542552751209e-70
"443","JSOES_May2024","90839-223","chinook",1
"444","JSOES_May2024","90839-223","chum",1.45089086922029e-75
"445","JSOES_May2024","90839-224","chinook",1
"446","JSOES_May2024","90839-224","chum",2.11065894658914e-88
"447","JSOES_May2024","90839-225","chinook",1
"448","JSOES_May2024","90839-225","chum",4.41428917270192e-68
"449","JSOES_May2024","90839-226","chinook",1
"450","JSOES_May2024","90839-226","chum",1.18067093485062e-75
"451","JSOES_May2024","90839-227","chinook",1
"452","JSOES_May2024","90839-227","chum",1.76754835970666e-94
"453","JSOES_May2024","90839-228","chinook",1
"454","JSOES_May2024","90839-228","chum",1.22557030081852e-95
"455","JSOES_May2024","90839-229","chinook",1
"456","JSOES_May2024","90839-229","chum",5.40942101821032e-70
"457","JSOES_May2024","90839-230","chinook",1
"458","JSOES_May2024","90839-230","chum",1.14170274354588e-56
"459","JSOES_May2024","90839-231","chinook",1
"460","JSOES_May2024","90839-231","chum",5.33912337818093e-76
"461","JSOES_May2024","90839-232","chum",0.999999999999862
"462","JSOES_May2024","90839-232","pink",1.42707170643401e-13
"463","JSOES_May2024","90839-233","chinook",1
"464","JSOES_May2024","90839-233","chum",2.3757431306566e-89
"465","JSOES_May2024","90839-234","chinook",1
"466","JSOES_May2024","90839-234","chum",2.75009293684377e-79
"467","JSOES_May2024","90839-235","chum",7.22078091442189e-45
"468","JSOES_May2024","90839-235","sockeye",1
"469","JSOES_May2024","90839-236","chinook",1
"470","JSOES_May2024","90839-236","chum",2.11731834950022e-86
"471","JSOES_May2024","90839-237","chinook",1
"472","JSOES_May2024","90839-237","chum",1.25950602335904e-63
"473","JSOES_May2024","90839-238","chinook",1
"474","JSOES_May2024","90839-238","chum",9.71439009723874e-87
"475","JSOES_May2024","90839-239","chinook",1
"476","JSOES_May2024","90839-239","chum",7.10193405944691e-87
"477","JSOES_May2024","90839-240","chinook",1
"478","JSOES_May2024","90839-240","chum",2.95811402426546e-67
"479","JSOES_May2024","90839-241","chinook",1
"480","JSOES_May2024","90839-241","chum",2.74452233276904e-59
"481","JSOES_May2024","90839-242","chinook",1
"482","JSOES_May2024","90839-242","chum",1.42037976736856e-53
"483","JSOES_May2024","90839-243","chinook",1
"484","JSOES_May2024","90839-243","chum",8.59399951634903e-77
"485","JSOES_May2024","90839-244","chinook",1
"486","JSOES_May2024","90839-244","chum",2.74401883145508e-69
"487","JSOES_May2024","90839-245","chinook",1
"488","JSOES_May2024","90839-245","chum",9.30010438030695e-71
"489","JSOES_May2024","90839-246","chinook",1
"490","JSOES_May2024","90839-246","chum",5.38675042015201e-60
"491","JSOES_May2024","90839-247","chinook",1
"492","JSOES_May2024","90839-247","chum",1.51904653862933e-77
"493","JSOES_May2024","90839-248","chinook",1
"494","JSOES_May2024","90839-248","chum",3.86908573535466e-66
"495","JSOES_May2024","90839-249","chum",1
"496","JSOES_May2024","90839-249","sockeye",3.28188422487285e-16
"497","JSOES_May2024","90839-250","chinook",1
"498","JSOES_May2024","90839-250","chum",1.30275017955549e-63
"499","JSOES_May2024","90839-251","chinook",1
"500","JSOES_May2024","90839-251","chum",1.7458102223887e-60
"501","JSOES_May2024","90839-252","chinook",1
"502","JSOES_May2024","90839-252","chum",2.49413589789241e-72
"503","JSOES_May2024","90839-253","chinook",1
"504","JSOES_May2024","90839-253","chum",2.05227417193192e-94
"505","JSOES_May2024","90839-254","chum",0.99998406976301
"506","JSOES_May2024","90839-254","sockeye",1.59270625749702e-05
"507","JSOES_May2024","90839-255","chinook",1
"508","JSOES_May2024","90839-255","chum",3.82110672708228e-89
"509","JSOES_May2024","90839-256","chinook",1
"510","JSOES_May2024","90839-256","chum",3.03106161130194e-50
"511","JSOES_May2024","90839-257","chinook",1
"512","JSOES_May2024","90839-257","chum",3.76272585290352e-75
"513","JSOES_May2024","90839-258","chinook",1
"514","JSOES_May2024","90839-258","chum",4.9875026116979e-77
"515","JSOES_May2024","90839-259","chum",1
"516","JSOES_May2024","90839-259","pink",1.85174883543254e-16
"517","JSOES_May2024","90839-260","chinook",1
"518","JSOES_May2024","90839-260","chum",2.34685191966005e-77
"519","JSOES_May2024","90839-261","chinook",1
"520","JSOES_May2024","90839-261","chum",3.48113848483229e-33
"521","JSOES_May2024","90839-262","chinook",1
"522","JSOES_May2024","90839-262","chum",3.71618569045269e-61
"523","JSOES_May2024","90839-263","chinook",1
"524","JSOES_May2024","90839-263","chum",5.2862127799033e-101
"525","JSOES_May2024","90839-264","chinook",1
"526","JSOES_May2024","90839-264","chum",3.49433455931073e-78
"527","JSOES_May2024","90839-265","chinook",1
"528","JSOES_May2024","90839-265","chum",2.64029719395292e-76
"529","JSOES_May2024","90839-266","chinook",1
"530","JSOES_May2024","90839-266","chum",2.18249704685361e-77
"531","JSOES_May2024","90839-267","chinook",1
"532","JSOES_May2024","90839-267","chum",2.8474655706076e-70
"533","JSOES_May2024","90839-268","chinook",1
"534","JSOES_May2024","90839-268","chum",9.13978688423483e-94
"535","JSOES_May2024","90839-269","chinook",1
"536","JSOES_May2024","90839-269","steelhead",3.08450998804428e-92
"537","JSOES_May2024","90839-270","chinook",1
"538","JSOES_May2024","90839-270","chum",1.69308010157045e-75
"539","JSOES_May2024","90839-271","chinook",1
"540","JSOES_May2024","90839-271","chum",1.04200771397758e-72
"541","JSOES_May2024","90839-272","chinook",1
"542","JSOES_May2024","90839-272","chum",1.14598461822964e-77
"543","JSOES_May2024","90839-273","chinook",1
"544","JSOES_May2024","90839-273","chum",1.09277202482109e-74
"545","JSOES_May2024","90839-274","chinook",1
"546","JSOES_May2024","90839-274","chum",1.35527968740826e-77
"547","JSOES_May2024","90839-275","chinook",1
"548","JSOES_May2024","90839-275","chum",3.39104001519074e-76
"549","JSOES_May2024","90839-276","chinook",1
"550","JSOES_May2024","90839-276","chum",2.57934255875075e-91
"551","JSOES_May2024","90839-277","chum",0.999999999999373
"552","JSOES_May2024","90839-277","sockeye",6.28205128185325e-13
"553","JSOES_May2024","90839-278","chinook",1
"554","JSOES_May2024","90839-278","chum",1.97354927244253e-93
"555","JSOES_May2024","90839-279","chinook",1
"556","JSOES_May2024","90839-279","chum",5.47366968502795e-71
"557","JSOES_May2024","90839-280","chinook",1
"558","JSOES_May2024","90839-280","chum",1.68920008400176e-97
"559","JSOES_May2024","90839-281","chinook",1
"560","JSOES_May2024","90839-281","chum",2.04336922857734e-65
"561","JSOES_May2024","90839-282","chinook",1
"562","JSOES_May2024","90839-282","chum",9.69719497169734e-90
"563","JSOES_May2024","90839-283","chinook",1
"564","JSOES_May2024","90839-283","chum",2.22157411529542e-77
"565","JSOES_May2024","90839-284","chinook",1
"566","JSOES_May2024","90839-284","chum",2.23077316153725e-69
"567","JSOES_May2024","90839-285","chinook",1
"568","JSOES_May2024","90839-285","chum",3.26227905730885e-98
"569","JSOES_May2024","90839-286","chinook",1
"570","JSOES_May2024","90839-286","chum",2.78132402502332e-81
"571","JSOES_May2024","90839-287","chinook",1
"572","JSOES_May2024","90839-287","chum",3.79603414241415e-79
"573","JSOES_May2024","90839-288","chinook",1
"574","JSOES_May2024","90839-288","chum",1.76457842726671e-77
"575","JSOES_May2024","90839-289","chinook",1
"576","JSOES_May2024","90839-289","chum",4.54700039389028e-66
"577","JSOES_May2024","90839-290","chinook",1
"578","JSOES_May2024","90839-290","chum",7.96198049797485e-83
"579","JSOES_May2024","90839-291","chinook",1
"580","JSOES_May2024","90839-291","chum",1.18978200965133e-74
"581","JSOES_May2024","90839-292","chinook",1
"582","JSOES_May2024","90839-292","chum",5.53562451601182e-75
"583","JSOES_May2024","90839-293","chinook",1
"584","JSOES_May2024","90839-293","chum",2.54800282004435e-97
"585","JSOES_May2024","90839-294","chinook",1
"586","JSOES_May2024","90839-294","chum",2.93206517776912e-62
"587","JSOES_May2024","90839-295","chinook",1
"588","JSOES_May2024","90839-295","chum",7.42101508490473e-78
"589","JSOES_May2024","90839-296","chinook",1
"590","JSOES_May2024","90839-296","chum",5.99376867977348e-80
"591","JSOES_May2024","90839-297","chum",0.999999999999881
"592","JSOES_May2024","90839-297","sockeye",1.27970042739846e-13
"593","JSOES_May2024","90839-298","chinook",1
"594","JSOES_May2024","90839-298","chum",3.31693514951773e-78
"595","JSOES_May2024","90839-299","chinook",1
"596","JSOES_May2024","90839-299","chum",6.38019358727381e-61
"597","JSOES_May2024","90839-300","chinook",1
"598","JSOES_May2024","90839-300","steelhead",4.76299738289712e-94
"599","JSOES_May2024","90839-301","chinook",1
"600","JSOES_May2024","90839-301","chum",1.00134362514069e-49
"601","JSOES_May2024","90839-302","chinook",1
"602","JSOES_May2024","90839-302","chum",4.49062380775788e-61
"603","JSOES_May2024","90839-303","chinook",6.98255308557112e-10
"604","JSOES_May2024","90839-303","chum",0.999999999293235
"605","JSOES_May2024","90839-304","chinook",1
"606","JSOES_May2024","90839-304","chum",1.48409668814001e-67
"607","JSOES_May2024","90839-305","chinook",1
"608","JSOES_May2024","90839-305","chum",3.50142573739423e-85
"609","JSOES_May2024","90839-306","chinook",1
"610","JSOES_May2024","90839-306","chum",6.02619986427949e-82
"611","JSOES_May2024","90839-307","chinook",1
"612","JSOES_May2024","90839-307","chum",3.95503625158663e-71
"613","JSOES_May2024","90839-308","chinook",1
"614","JSOES_May2024","90839-308","chum",1.34520771286782e-93
"615","JSOES_May2024","90839-309","chinook",1
"616","JSOES_May2024","90839-309","chum",2.44071462529869e-86
"617","JSOES_May2024","90839-310","chinook",1
"618","JSOES_May2024","90839-310","chum",4.67296076750233e-85
"619","JSOES_May2024","90839-311","chinook",1
"620","JSOES_May2024","90839-311","chum",4.73058388987952e-71
"621","JSOES_May2024","90839-312","chinook",1
"622","JSOES_May2024","90839-312","chum",1.09707676485691e-66
"623","JSOES_May2024","90839-313","chinook",1
"624","JSOES_May2024","90839-313","chum",1.63224716943999e-88
"625","JSOES_May2024","90839-314","chinook",1
"626","JSOES_May2024","90839-314","chum",6.0925948889568e-59
"627","JSOES_May2024","90839-315","chinook",1
"628","JSOES_May2024","90839-315","chum",2.17191672816122e-82
"629","JSOES_May2024","90839-316","chinook",1
"630","JSOES_May2024","90839-316","chum",1.32359318490823e-70
"631","JSOES_May2024","90839-317","chinook",1
"632","JSOES_May2024","90839-317","chum",6.1715016816478e-89
"633","JSOES_May2024","90839-318","chinook",1
"634","JSOES_May2024","90839-318","chum",4.7936449564746e-68
"635","JSOES_May2024","90839-319","chinook",1
"636","JSOES_May2024","90839-319","chum",3.31167457979272e-72
"637","JSOES_May2024","90839-320","chinook",1
"638","JSOES_May2024","90839-320","chum",2.12656848998034e-79
"639","JSOES_May2024","90839-321","chinook",1
"640","JSOES_May2024","90839-321","steelhead",2.72271992879199e-79
"641","JSOES_May2024","90839-322","chinook",1
"642","JSOES_May2024","90839-322","chum",1.97593441370237e-86
"643","JSOES_May2024","90839-323","chinook",1
"644","JSOES_May2024","90839-323","chum",1.23899272085642e-90
"645","JSOES_May2024","90839-324","chinook",1
"646","JSOES_May2024","90839-324","chum",7.7151408447297e-71
"647","JSOES_May2024","90839-325","chinook",1
"648","JSOES_May2024","90839-325","chum",1.0785652085173e-71
"649","JSOES_May2024","90839-326","chinook",1
"650","JSOES_May2024","90839-326","chum",3.06380612605886e-57
"651","JSOES_May2024","90839-327","chinook",1
"652","JSOES_May2024","90839-327","chum",2.55600402226448e-48
"653","JSOES_May2024","90839-328","chinook",1
"654","JSOES_May2024","90839-328","chum",1.5816287762136e-72
"655","JSOES_May2024","90839-329","chinook",1
"656","JSOES_May2024","90839-329","chum",5.70429188009327e-73
"657","JSOES_May2024","90839-330","chinook",1
"658","JSOES_May2024","90839-330","chum",6.62936900397153e-75
"659","JSOES_May2024","90839-331","chinook",1
"660","JSOES_May2024","90839-331","chum",1.32612589271515e-79
"661","JSOES_May2024","90839-332","chinook",1
"662","JSOES_May2024","90839-332","chum",1.49097603856706e-73
"663","JSOES_May2024","90839-333","chinook",1
"664","JSOES_May2024","90839-333","chum",2.78530027448292e-94
"665","JSOES_May2024","90839-334","chinook",1
"666","JSOES_May2024","90839-334","chum",1.21092163388985e-55
"667","JSOES_May2024","90839-335","chinook",1
"668","JSOES_May2024","90839-335","chum",5.60306427670597e-30
"669","JSOES_May2024","90839-336","chinook",1
"670","JSOES_May2024","90839-336","chum",1.15807581841469e-50
"671","JSOES_May2024","90839-337","chinook",1
"672","JSOES_May2024","90839-337","chum",2.96836096508487e-71
"673","JSOES_May2024","90839-338","chinook",1
"674","JSOES_May2024","90839-338","chum",2.15751424447142e-66
"675","JSOES_May2024","90839-339","chinook",1
"676","JSOES_May2024","90839-339","chum",3.25954644716525e-34
"677","JSOES_May2024","90839-340","chinook",1
"678","JSOES_May2024","90839-340","chum",2.67184448431115e-59
"679","JSOES_May2024","90839-341","chinook",1
"680","JSOES_May2024","90839-341","chum",6.02799884037301e-59
"681","JSOES_May2024","90839-342","chinook",1
"682","JSOES_May2024","90839-342","chum",3.04755066467225e-54
"683","JSOES_May2024","90839-343","chinook",1
"684","JSOES_May2024","90839-343","chum",2.21128029267272e-42
"685","JSOES_May2024","90839-344","chinook",1
"686","JSOES_May2024","90839-344","chum",4.56240168419468e-74
"687","JSOES_May2024","90839-345","chinook",1
"688","JSOES_May2024","90839-345","chum",1.31882063499647e-87
"689","JSOES_May2024","90839-346","chum",0.999999999993838
"690","JSOES_May2024","90839-346","sockeye",4.6136076695105e-12
"691","JSOES_May2024","90839-347","chinook",1
"692","JSOES_May2024","90839-347","chum",2.55788089961201e-84
"693","JSOES_May2024","90839-348","chinook",1
"694","JSOES_May2024","90839-348","chum",3.65567991148042e-64
"695","JSOES_May2024","90839-349","chinook",1
"696","JSOES_May2024","90839-349","chum",6.29041710250934e-73
"697","JSOES_May2024","90839-350","chinook",1
"698","JSOES_May2024","90839-350","chum",2.52689042811909e-82
"699","JSOES_May2024","90839-351","chinook",1
"700","JSOES_May2024","90839-351","chum",6.57140908189999e-85
"701","JSOES_May2024","90839-352","chinook",1
"702","JSOES_May2024","90839-352","chum",6.41534089837525e-63
"703","JSOES_May2024","90839-353","chinook",1
"704","JSOES_May2024","90839-353","chum",7.69659710774002e-82
"705","JSOES_May2024","90839-354","chinook",1
"706","JSOES_May2024","90839-354","steelhead",1.92905973071905e-68
"707","JSOES_May2024","90839-355","chinook",1
"708","JSOES_May2024","90839-355","chum",2.91530710813121e-102
"709","JSOES_May2024","90839-356","chinook",1
"710","JSOES_May2024","90839-356","chum",2.09894291387957e-76
"711","JSOES_May2024","90839-357","chinook",1
"712","JSOES_May2024","90839-357","chum",1.68111370044227e-95
"713","JSOES_May2024","90839-358","chinook",1
"714","JSOES_May2024","90839-358","chum",3.07097744201273e-64
"715","JSOES_May2024","90839-359","chinook",1
"716","JSOES_May2024","90839-359","steelhead",9.64143845812041e-60
"717","JSOES_May2024","90839-360","chinook",1
"718","JSOES_May2024","90839-360","chum",9.24091302209558e-70
"719","JSOES_May2024","90839-361","chinook",1
"720","JSOES_May2024","90839-361","chum",3.46408905175469e-62
"721","JSOES_May2024","90839-362","chinook",1
"722","JSOES_May2024","90839-362","chum",1.58897405617992e-54
"723","JSOES_May2024","90839-363","chinook",1
"724","JSOES_May2024","90839-363","chum",8.57385485273195e-74
"725","JSOES_May2024","90839-364","chinook",1
"726","JSOES_May2024","90839-364","chum",5.49383991426203e-50
"727","JSOES_May2024","90839-365","chinook",1
"728","JSOES_May2024","90839-365","chum",1.33378651082654e-85
"729","JSOES_May2024","90839-366","chinook",1
"730","JSOES_May2024","90839-366","steelhead",1.1195824531119e-97
"731","JSOES_May2024","90839-367","chinook",1
"732","JSOES_May2024","90839-367","chum",7.66486846239423e-83
"733","JSOES_May2024","90839-368","chinook",1
"734","JSOES_May2024","90839-368","chum",5.60599411962685e-82
"735","JSOES_May2024","90839-369","chum",0.523743255489714
"736","JSOES_May2024","90839-369","sockeye",0.476252829069873
"737","JSOES_May2024","90839-370","chinook",1
"738","JSOES_May2024","90839-370","chum",3.22420497445179e-60
"739","JSOES_May2024","90839-371","chinook",1
"740","JSOES_May2024","90839-371","chum",1.28410180871489e-68
"741","JSOES_May2024","90839-372","chinook",1
"742","JSOES_May2024","90839-372","chum",3.51573552853983e-80
"743","JSOES_May2024","90839-373","chinook",1
"744","JSOES_May2024","90839-373","chum",2.60454839873845e-92
"745","JSOES_May2024","90839-374","chinook",1
"746","JSOES_May2024","90839-374","chum",1.52553771370465e-61
"747","JSOES_May2024","90839-375","chinook",1
"748","JSOES_May2024","90839-375","chum",1.73558287281835e-67
"749","JSOES_May2024","90839-376","chinook",1
"750","JSOES_May2024","90839-376","chum",5.98103643373301e-88
"751","JSOES_May2024","90839-377","chinook",1
"752","JSOES_May2024","90839-377","chum",2.62130096026887e-82
"753","JSOES_May2024","90839-378","chinook",1
"754","JSOES_May2024","90839-378","chum",1.3677734304362e-72
"755","JSOES_May2024","90839-379","chinook",1
"756","JSOES_May2024","90839-379","chum",2.48892086050706e-65
"757","JSOES_May2024","90839-380","chinook",1
"758","JSOES_May2024","90839-380","chum",3.48713277219583e-62
"759","JSOES_May2024","90839-381","chinook",1
"760","JSOES_May2024","90839-381","chum",4.86802885025703e-79
"761","JSOES_May2024","90839-382","chinook",1
"762","JSOES_May2024","90839-382","chum",3.97102894971383e-81
"763","JSOES_May2024","90839-383","chinook",1
"764","JSOES_May2024","90839-383","chum",2.34696285640814e-76
"765","JSOES_May2024","90839-384","chinook",1
"766","JSOES_May2024","90839-384","chum",3.36722619643509e-72
"767","JSOES_May2024","90839-385","chinook",1
"768","JSOES_May2024","90839-385","chum",3.02739927760705e-83
"769","JSOES_May2024","90839-386","chinook",1
"770","JSOES_May2024","90839-386","chum",5.81666537102009e-92
"771","JSOES_May2024","90839-387","chinook",1
"772","JSOES_May2024","90839-387","chum",2.15270260544556e-85
"773","JSOES_May2024","90839-388","chinook",1
"774","JSOES_May2024","90839-388","chum",1.60844038758756e-71
"775","JSOES_May2024","90839-389","chinook",1
"776","JSOES_May2024","90839-389","chum",3.24235951422085e-99
"777","JSOES_May2024","90839-390","chinook",1
"778","JSOES_May2024","90839-390","chum",5.5048440800446e-73
"779","JSOES_May2024","90839-391","chinook",1
"780","JSOES_May2024","90839-391","chum",6.42250396221769e-83
"781","JSOES_May2024","90839-392","chinook",1
"782","JSOES_May2024","90839-392","chum",1.71560079726134e-70
"783","JSOES_May2024","90839-393","chinook",1
"784","JSOES_May2024","90839-393","chum",1.08029340306348e-85
"785","JSOES_May2024","90839-394","chinook",1
"786","JSOES_May2024","90839-394","chum",3.2349586773465e-79
"787","JSOES_May2024","90839-395","chinook",1
"788","JSOES_May2024","90839-395","chum",1.07465331924278e-75
"789","JSOES_May2024","90839-396","chum",0.999999999999829
"790","JSOES_May2024","90839-396","sockeye",1.75862110392777e-13
"791","JSOES_May2024","90839-397","chinook",1
"792","JSOES_May2024","90839-397","chum",1.47820641785282e-57
"793","JSOES_May2024","90839-398","chinook",1
"794","JSOES_May2024","90839-398","chum",2.3291365857685e-32
"795","JSOES_May2024","90839-399","chinook",1
"796","JSOES_May2024","90839-399","chum",2.17717219240752e-44
"797","JSOES_May2024","90839-400","chinook",1
"798","JSOES_May2024","90839-400","chum",1.5047398266042e-37
"799","JSOES_May2024","90839-401","chinook",1
"800","JSOES_May2024","90839-401","chum",2.37183283996997e-65
"801","JSOES_May2024","90839-402","chinook",1
"802","JSOES_May2024","90839-402","chum",1.8469929862367e-63
"803","JSOES_May2024","90839-403","chinook",1
"804","JSOES_May2024","90839-403","chum",2.4077000725969e-76
"805","JSOES_May2024","90839-404","chinook",1
"806","JSOES_May2024","90839-404","chum",8.5500685782098e-68
"807","JSOES_May2024","90839-405","chinook",1
"808","JSOES_May2024","90839-405","chum",6.30121408935184e-84
"809","JSOES_May2024","90839-407","chinook",1
"810","JSOES_May2024","90839-407","chum",5.74923114297243e-66
"811","JSOES_May2024","90839-408","chinook",1
"812","JSOES_May2024","90839-408","chum",2.44482057647545e-56
"813","JSOES_May2024","90839-409","chinook",1
"814","JSOES_May2024","90839-409","chum",5.20237189279566e-58
"815","JSOES_May2024","90839-410","chinook",1
"816","JSOES_May2024","90839-410","chum",7.58006653448807e-73
"817","JSOES_May2024","90839-411","chinook",1
"818","JSOES_May2024","90839-411","chum",2.59375630271674e-108
"819","JSOES_May2024","90839-412","chinook",1
"820","JSOES_May2024","90839-412","chum",9.01760867187041e-57
"821","JSOES_May2024","90839-413","chinook",1
"822","JSOES_May2024","90839-413","chum",4.95530240566289e-87
"823","JSOES_May2024","90839-414","chinook",1
"824","JSOES_May2024","90839-414","chum",1.48582058603396e-68
"825","JSOES_May2024","90839-415","chinook",1
"826","JSOES_May2024","90839-415","chum",6.63989212012938e-78
"827","JSOES_May2024","90839-416","chinook",1
"828","JSOES_May2024","90839-416","steelhead",3.93309668816549e-84
"829","JSOES_May2024","90839-417","chinook",1
"830","JSOES_May2024","90839-417","chum",1.0159687668426e-81
"831","JSOES_May2024","90839-418","chinook",1
"832","JSOES_May2024","90839-418","chum",1.62885094601793e-80
"833","JSOES_May2024","90839-419","chinook",1
"834","JSOES_May2024","90839-419","chum",1.24480737122956e-48
"835","JSOES_May2024","90839-420","chinook",1
"836","JSOES_May2024","90839-420","chum",1.53276657242967e-65
"837","JSOES_May2024","90839-421","chinook",1
"838","JSOES_May2024","90839-421","chum",1.91123771980358e-84
"839","JSOES_May2024","90839-422","chinook",1
"840","JSOES_May2024","90839-422","chum",5.9333679017093e-65
"841","JSOES_May2024","90839-423","chinook",1
"842","JSOES_May2024","90839-423","chum",1.79161247002787e-43
"843","JSOES_May2024","90839-424","chinook",1
"844","JSOES_May2024","90839-424","chum",2.56324443063488e-61
"845","JSOES_May2024","90839-425","chinook",1
"846","JSOES_May2024","90839-425","chum",3.19762766814326e-37
"847","JSOES_May2024","90839-426","chinook",1
"848","JSOES_May2024","90839-426","chum",6.27641594496233e-64
"849","JSOES_May2024","90839-427","chinook",1
"850","JSOES_May2024","90839-427","chum",3.42810465857428e-97
"851","JSOES_May2024","90839-428","chinook",1
"852","JSOES_May2024","90839-428","chum",5.84025083210505e-76
"853","JSOES_May2024","90839-429","chinook",1
"854","JSOES_May2024","90839-429","chum",1.8420171931067e-85
"855","JSOES_May2024","90839-430","chinook",1
"856","JSOES_May2024","90839-430","chum",1.67717593712328e-83
"857","JSOES_May2024","90839-431","chinook",1
"858","JSOES_May2024","90839-431","chum",1.44503572670944e-86
"859","JSOES_May2024","90839-432","chinook",1
"860","JSOES_May2024","90839-432","chum",1.41012514855268e-60
"861","JSOES_May2024","90839-433","chinook",1
"862","JSOES_May2024","90839-433","chum",1.55787341088561e-84
"863","JSOES_May2024","90839-434","chinook",1
"864","JSOES_May2024","90839-434","chum",6.96187415216642e-85
"865","JSOES_May2024","90839-435","chinook",1
"866","JSOES_May2024","90839-435","chum",4.91528587491679e-72
"867","JSOES_May2024","90839-436","chinook",1
"868","JSOES_May2024","90839-436","chum",2.9216028489813e-83
"869","JSOES_May2024","90839-437","chinook",1
"870","JSOES_May2024","90839-437","chum",2.53773275440939e-73
"871","JSOES_May2024","90839-438","chinook",1
"872","JSOES_May2024","90839-438","chum",1.76306884367207e-73
"873","JSOES_May2024","90839-439","chinook",1
"874","JSOES_May2024","90839-439","chum",1.74710080914078e-54
"875","JSOES_May2024","90839-440","chinook",1
"876","JSOES_May2024","90839-440","chum",2.90129579228128e-88
"877","JSOES_May2024","90839-441","chinook",1
"878","JSOES_May2024","90839-441","chum",1.30237033970532e-78
"879","JSOES_May2024","90839-442","chinook",1
"880","JSOES_May2024","90839-442","chum",5.04866212604382e-79
"881","JSOES_May2024","90839-443","chinook",1
"882","JSOES_May2024","90839-443","chum",3.58953064189842e-73
"883","JSOES_May2024","90839-444","chinook",1
"884","JSOES_May2024","90839-444","chum",6.55729352462984e-68
"885","JSOES_May2024","90839-445","chinook",1
"886","JSOES_May2024","90839-445","chum",3.27777581193031e-72
"887","JSOES_May2024","90839-446","chinook",1
"888","JSOES_May2024","90839-446","chum",9.93411297392542e-75
"889","JSOES_May2024","90839-447","chinook",1
"890","JSOES_May2024","90839-447","chum",3.97987895845284e-70
"891","JSOES_May2024","90839-448","chinook",1
"892","JSOES_May2024","90839-448","chum",1.38408196174714e-56
"893","JSOES_May2024","90839-449","chinook",1
"894","JSOES_May2024","90839-449","chum",3.17637156072612e-77
"895","JSOES_May2024","90839-450","chinook",1
"896","JSOES_May2024","90839-450","chum",1.10790475941971e-45
"897","JSOES_May2024","90839-451","chinook",1
"898","JSOES_May2024","90839-451","chum",1.97141054629263e-39
"899","JSOES_May2024","90839-452","chinook",1
"900","JSOES_May2024","90839-452","chum",9.27860042390261e-28
"901","JSOES_May2024","90839-453","chinook",1
"902","JSOES_May2024","90839-453","chum",2.22308474388195e-99
"903","JSOES_May2024","90839-454","chinook",1
"904","JSOES_May2024","90839-454","chum",2.68248958034419e-93
"905","JSOES_May2024","90839-455","chinook",1
"906","JSOES_May2024","90839-455","chum",4.56481963646839e-80
"907","JSOES_May2024","90839-456","chinook",1
"908","JSOES_May2024","90839-456","chum",4.66291426556404e-30
"909","JSOES_May2024","90839-457","chinook",1
"910","JSOES_May2024","90839-457","chum",8.42246269426473e-79
"911","JSOES_May2024","90839-458","chinook",1
"912","JSOES_May2024","90839-458","chum",1.78253429838571e-86
"913","JSOES_May2024","90839-459","chinook",1
"914","JSOES_May2024","90839-459","chum",2.16046921565306e-63
"915","JSOES_May2024","90839-460","chinook",1
"916","JSOES_May2024","90839-460","chum",2.40280148175441e-73
"917","JSOES_May2024","90839-461","chinook",1
"918","JSOES_May2024","90839-461","chum",1.01129881408844e-79
"919","JSOES_May2024","90839-462","chinook",1
"920","JSOES_May2024","90839-462","chum",3.37040473464035e-61
"921","JSOES_May2024","90839-463","chinook",1
"922","JSOES_May2024","90839-463","chum",4.63799310285371e-53
"923","JSOES_May2024","90839-464","chinook",1
"924","JSOES_May2024","90839-464","chum",1.00131181983689e-76
"925","JSOES_May2024","90839-465","chum",0.999999999999996
"926","JSOES_May2024","90839-465","pink",7.40699534172976e-15
"927","JSOES_May2024","90839-466","chinook",1
"928","JSOES_May2024","90839-466","chum",1.74623165180374e-50
"929","JSOES_May2024","90839-467","chinook",1
"930","JSOES_May2024","90839-467","chum",1.46433547993041e-88
"931","JSOES_May2024","90839-468","chinook",1
"932","JSOES_May2024","90839-468","chum",4.41695636340391e-47
"933","JSOES_May2024","90839-469","chinook",1
"934","JSOES_May2024","90839-469","chum",7.12425913960314e-66
"935","JSOES_May2024","90839-470","chinook",1
"936","JSOES_May2024","90839-470","chum",1.00125911263129e-67
"937","JSOES_May2024","90839-471","chinook",1
"938","JSOES_May2024","90839-471","chum",5.21360268760516e-71
"939","JSOES_May2024","90839-472","chinook",1
"940","JSOES_May2024","90839-472","chum",3.10362172157033e-74
"941","JSOES_May2024","90839-473","chinook",1
"942","JSOES_May2024","90839-473","chum",6.30335774082943e-70
"943","JSOES_May2024","90839-474","chinook",1
"944","JSOES_May2024","90839-474","chum",1.04341600966853e-78
"945","JSOES_May2024","90839-475","chinook",1
"946","JSOES_May2024","90839-475","chum",5.13619435088108e-47
"947","JSOES_May2024","90839-476","chinook",1
"948","JSOES_May2024","90839-476","chum",7.8464879224171e-79
"949","JSOES_May2024","90839-477","chinook",1
"950","JSOES_May2024","90839-477","chum",4.18586277168684e-80
"951","JSOES_May2024","90839-478","chinook",1
"952","JSOES_May2024","90839-478","chum",1.34460125439322e-46
"953","JSOES_May2024","90839-479","chinook",1
"954","JSOES_May2024","90839-479","chum",6.23707131337923e-73
"955","JSOES_May2024","90839-480","chinook",1
"956","JSOES_May2024","90839-480","chum",6.74538261561383e-75
"957","JSOES_May2024","90839-481","chinook",1
"958","JSOES_May2024","90839-481","chum",8.64716187412839e-71
"959","JSOES_May2024","90839-482","chinook",1
"960","JSOES_May2024","90839-482","chum",5.0855420532311e-68
"961","JSOES_May2024","90839-483","chinook",1
"962","JSOES_May2024","90839-483","chum",1.23675157855127e-95
"963","JSOES_May2024","90839-484","chinook",1
"964","JSOES_May2024","90839-484","chum",4.74090550236691e-89
"965","JSOES_May2024","90839-485","chinook",1
"966","JSOES_May2024","90839-485","chum",7.71628453202702e-66
"967","JSOES_May2024","90839-486","chinook",1
"968","JSOES_May2024","90839-486","chum",8.86095283625523e-85
"969","JSOES_May2024","90839-487","chinook",1
"970","JSOES_May2024","90839-487","chum",1.19976080200307e-71
"971","JSOES_May2024","90839-488","chinook",1
"972","JSOES_May2024","90839-488","steelhead",4.81291964340627e-85
"973","JSOES_May2024","90839-489","chinook",1
"974","JSOES_May2024","90839-489","chum",5.44554631432749e-64
"975","JSOES_May2024","90839-490","chinook",1
"976","JSOES_May2024","90839-490","chum",2.10667507135323e-72
"977","JSOES_May2024","90839-492","chinook",1
"978","JSOES_May2024","90839-492","chum",2.86422390186813e-54
"979","JSOES_May2024","90839-493","chinook",1
"980","JSOES_May2024","90839-493","chum",8.96393396784013e-56
"981","JSOES_May2024","90839-494","chinook",1
"982","JSOES_May2024","90839-494","chum",6.40675377953395e-63
"983","JSOES_May2024","90839-496","chinook",1
"984","JSOES_May2024","90839-496","chum",1.14713593167311e-76
"985","JSOES_May2024","90839-497","chinook",1
"986","JSOES_May2024","90839-497","chum",2.35831673087451e-71
"987","JSOES_May2024","90839-498","chinook",1
"988","JSOES_May2024","90839-498","chum",1.27846569700218e-80
"989","JSOES_May2024","90839-499","chinook",1
"990","JSOES_May2024","90839-499","chum",1.90739166631199e-76
"991","JSOES_May2024","90839-500","chinook",1
"992","JSOES_May2024","90839-500","chum",7.10292998007311e-71
"993","JSOES_May2024","90839-501","chinook",1
"994","JSOES_May2024","90839-501","chum",5.17293409987898e-65
"995","JSOES_May2024","90839-502","chinook",1
"996","JSOES_May2024","90839-502","chum",2.34630088983018e-34
"997","JSOES_May2024","90839-503","chinook",1
"998","JSOES_May2024","90839-503","chum",1.63226065106865e-54
"999","JSOES_May2024","90839-504","chinook",1
"1000","JSOES_May2024","90839-504","chum",3.34216199762701e-72
"1001","JSOES_May2024","90839-505","chinook",1
"1002","JSOES_May2024","90839-505","chum",1.72701759718039e-93
"1003","JSOES_May2024","90839-506","chinook",1
"1004","JSOES_May2024","90839-506","steelhead",3.78093724828821e-84
"1005","JSOES_May2024","90839-507","chinook",1
"1006","JSOES_May2024","90839-507","chum",4.88503483218634e-54
"1007","JSOES_May2024","90839-508","chinook",1
"1008","JSOES_May2024","90839-508","chum",2.96763363368259e-94
"1009","JSOES_May2024","90839-509","chum",0.967897591903559
"1010","JSOES_May2024","90839-509","steelhead",0.032102407333658
"1011","JSOES_May2024","90839-510","chinook",1
"1012","JSOES_May2024","90839-510","chum",1.02925833584719e-59
"1013","JSOES_May2024","90839-511","chinook",1
"1014","JSOES_May2024","90839-511","chum",1.93767004085906e-81
"1015","JSOES_May2024","90839-512","chinook",1
"1016","JSOES_May2024","90839-512","chum",2.01419194398228e-43
"1017","JSOES_May2024","90839-513","chinook",1
"1018","JSOES_May2024","90839-513","chum",8.8236860478761e-80
"1019","JSOES_May2024","90839-514","chinook",1
"1020","JSOES_May2024","90839-514","chum",7.16782655597752e-26
"1021","JSOES_May2024","90839-515","chinook",1
"1022","JSOES_May2024","90839-515","chum",1.2392654420189e-81
"1023","JSOES_May2024","90839-516","chinook",1
"1024","JSOES_May2024","90839-516","chum",1.28131829691084e-86
"1025","JSOES_May2024","90839-517","chinook",1
"1026","JSOES_May2024","90839-517","steelhead",1.4748848144754e-84
"1027","JSOES_May2024","90839-518","chinook",1
"1028","JSOES_May2024","90839-518","chum",5.40373543978823e-90
"1029","JSOES_May2024","90839-519","chinook",1
"1030","JSOES_May2024","90839-519","chum",2.27347561971029e-105
"1031","JSOES_May2024","90839-520","chinook",1
"1032","JSOES_May2024","90839-520","chum",1.08325959920317e-81
"1033","JSOES_May2024","90839-521","chinook",1
"1034","JSOES_May2024","90839-521","chum",2.94313923741638e-95
"1035","JSOES_May2024","90839-522","chinook",1
"1036","JSOES_May2024","90839-522","chum",1.32616357187282e-72
"1037","JSOES_May2024","90839-523","chinook",1
"1038","JSOES_May2024","90839-523","chum",1.65869466559235e-74
"1039","JSOES_May2024","90839-524","chinook",1
"1040","JSOES_May2024","90839-524","chum",3.72129137150459e-84
"1041","JSOES_May2024","90839-525","chinook",1
"1042","JSOES_May2024","90839-525","chum",8.75456418271326e-58
"1043","JSOES_May2024","90839-526","chinook",1
"1044","JSOES_May2024","90839-526","chum",5.75725142780428e-58
"1045","JSOES_May2024","90839-527","chinook",1
"1046","JSOES_May2024","90839-527","chum",3.01237730345887e-106
"1047","JSOES_May2024","90839-528","chinook",1
"1048","JSOES_May2024","90839-528","chum",4.64791403740051e-82
"1049","JSOES_May2024","90839-529","chinook",1
"1050","JSOES_May2024","90839-529","chum",3.91956529543166e-60
"1051","JSOES_May2024","90839-530","chinook",1
"1052","JSOES_May2024","90839-530","chum",1.18859409026031e-61
"1053","JSOES_May2024","90839-531","chinook",1
"1054","JSOES_May2024","90839-531","chum",1.64281332478912e-76
"1055","JSOES_May2024","90839-532","chinook",1
"1056","JSOES_May2024","90839-532","chum",2.41690803357449e-77
"1057","JSOES_May2024","90839-533","chinook",1
"1058","JSOES_May2024","90839-533","chum",2.18097964806352e-63
"1059","JSOES_May2024","90839-534","chinook",1
"1060","JSOES_May2024","90839-534","chum",1.04329175126179e-52
"1061","JSOES_May2024","90839-535","chinook",1
"1062","JSOES_May2024","90839-535","chum",9.53056083069408e-102
"1063","JSOES_May2024","90839-536","chinook",1
"1064","JSOES_May2024","90839-536","chum",1.06986496633285e-71
"1065","JSOES_May2024","90839-537","chinook",1
"1066","JSOES_May2024","90839-537","chum",1.05476760745079e-69
"1067","JSOES_May2024","90839-538","chinook",1
"1068","JSOES_May2024","90839-538","chum",1.9191776578358e-46
"1069","JSOES_May2024","90839-539","chinook",1
"1070","JSOES_May2024","90839-539","steelhead",1.3318500405327e-51
"1071","JSOES_May2024","90839-540","chinook",1
"1072","JSOES_May2024","90839-540","chum",4.63423508727686e-70
"1073","JSOES_May2024","90839-541","chinook",1
"1074","JSOES_May2024","90839-541","chum",6.61881722692527e-92
"1075","JSOES_May2024","90839-542","chinook",1
"1076","JSOES_May2024","90839-542","chum",3.02861338815928e-97
"1077","JSOES_May2024","90839-543","chinook",1
"1078","JSOES_May2024","90839-543","chum",1.94213945223266e-59
"1079","JSOES_May2024","90839-544","chinook",1
"1080","JSOES_May2024","90839-544","chum",1.466834591313e-79
"1081","JSOES_May2024","90839-545","chinook",1
"1082","JSOES_May2024","90839-545","chum",1.56592135755781e-98
"1083","JSOES_May2024","90839-546","chinook",1
"1084","JSOES_May2024","90839-546","chum",7.15602652141259e-62
"1085","JSOES_May2024","90839-547","chinook",1
"1086","JSOES_May2024","90839-547","chum",7.70054010911361e-54
"1087","JSOES_May2024","90839-548","chinook",1
"1088","JSOES_May2024","90839-548","chum",1.10268798155572e-64
"1089","JSOES_May2024","90839-549","chinook",1
"1090","JSOES_May2024","90839-549","steelhead",1.31543589641806e-50
"1091","JSOES_May2024","90839-550","chinook",1
"1092","JSOES_May2024","90839-550","chum",1.35717685302379e-72
"1093","JSOES_May2024","90839-551","chinook",1
"1094","JSOES_May2024","90839-551","chum",3.23036629639855e-90
"1095","JSOES_May2024","90839-552","chinook",1
"1096","JSOES_May2024","90839-552","chum",1.16985722141362e-79
"1097","JSOES_May2024","90839-553","chinook",1
"1098","JSOES_May2024","90839-553","chum",1.28494365164725e-105
"1099","JSOES_May2024","90839-554","chinook",1
"1100","JSOES_May2024","90839-554","chum",2.65511915073539e-57
"1101","JSOES_May2024","90839-556","chinook",1
"1102","JSOES_May2024","90839-556","chum",2.72084298547185e-63
"1103","JSOES_May2024","90839-557","chinook",1
"1104","JSOES_May2024","90839-557","chum",7.67502731012327e-57
"1105","JSOES_May2024","90839-558","chinook",1
"1106","JSOES_May2024","90839-558","chum",4.96883202815623e-87
"1107","JSOES_May2024","90839-559","chinook",1
"1108","JSOES_May2024","90839-559","chum",9.79203180433035e-67
"1109","JSOES_May2024","90839-560","chinook",1
"1110","JSOES_May2024","90839-560","chum",7.72352399224795e-49
"1111","JSOES_May2024","90839-561","chinook",1
"1112","JSOES_May2024","90839-561","chum",1.32693023031422e-93
"1113","JSOES_May2024","90839-562","chinook",1
"1114","JSOES_May2024","90839-562","chum",2.59920558176065e-82
"1115","JSOES_May2024","90839-563","chinook",1
"1116","JSOES_May2024","90839-563","chum",1.46676115911166e-82
"1117","JSOES_May2024","90839-564","chinook",1
"1118","JSOES_May2024","90839-564","chum",7.12730179840486e-95
"1119","JSOES_May2024","90839-565","chinook",1
"1120","JSOES_May2024","90839-565","chum",7.77747338028022e-91
"1121","JSOES_May2024","90839-566","chinook",1
"1122","JSOES_May2024","90839-566","chum",6.74833021600119e-45
"1123","JSOES_May2024","90839-567","chinook",1
"1124","JSOES_May2024","90839-567","chum",5.17617438786068e-84
"1125","JSOES_May2024","90839-568","chinook",1
"1126","JSOES_May2024","90839-568","chum",1.20028521920467e-90
"1127","JSOES_May2024","90839-569","chinook",1
"1128","JSOES_May2024","90839-569","chum",3.49275054847458e-51
"1129","JSOES_May2024","90839-570","chinook",1
"1130","JSOES_May2024","90839-570","chum",7.63655238015051e-96
"1131","JSOES_May2024","90839-571","chinook",1
"1132","JSOES_May2024","90839-571","chum",3.50211609723792e-16
"1133","JSOES_May2024","90839-572","chinook",1
"1134","JSOES_May2024","90839-572","chum",1.33783274872446e-93
"1135","JSOES_May2024","90839-573","chinook",1
"1136","JSOES_May2024","90839-573","chum",6.99896860424071e-95
"1137","JSOES_May2024","90839-574","chinook",1
"1138","JSOES_May2024","90839-574","chum",1.16357917943128e-65
"1139","JSOES_May2024","90839-575","chinook",1
"1140","JSOES_May2024","90839-575","chum",6.75538079520934e-83
"1141","JSOES_May2024","90839-576","chinook",1
"1142","JSOES_May2024","90839-576","chum",6.13815466365761e-85
"1143","JSOES_May2024","90839-577","chinook",1
"1144","JSOES_May2024","90839-577","chum",1.47513417885548e-88
"1145","JSOES_May2024","90839-578","chinook",1
"1146","JSOES_May2024","90839-578","chum",1.33903869057699e-78
"1147","JSOES_May2024","90839-579","chinook",1
"1148","JSOES_May2024","90839-579","chum",1.4025815029419e-85
"1149","JSOES_May2024","90839-580","chinook",1
"1150","JSOES_May2024","90839-580","chum",2.38882501148007e-100
"1151","JSOES_May2024","90839-581","chinook",1
"1152","JSOES_May2024","90839-581","chum",5.06078390055576e-46
"1153","JSOES_May2024","90839-582","chinook",1
"1154","JSOES_May2024","90839-582","chum",2.21273605322678e-83
"1155","JSOES_May2024","90839-583","chinook",1
"1156","JSOES_May2024","90839-583","chum",4.01128098243381e-93
"1157","JSOES_May2024","90839-584","chinook",1
"1158","JSOES_May2024","90839-584","chum",4.16576403109781e-90
"1159","JSOES_May2024","90839-585","chinook",1
"1160","JSOES_May2024","90839-585","chum",7.49374890617593e-42
"1161","JSOES_May2024","90839-586","chinook",1
"1162","JSOES_May2024","90839-586","chum",1.59619716460772e-73
"1163","JSOES_May2024","90839-587","chinook",1
"1164","JSOES_May2024","90839-587","chum",5.93229353929834e-75
"1165","JSOES_May2024","90839-588","chinook",1
"1166","JSOES_May2024","90839-588","chum",9.80929655342842e-85
"1167","JSOES_May2024","90839-589","chinook",1
"1168","JSOES_May2024","90839-589","chum",7.95647876759057e-67
"1169","JSOES_May2024","90839-590","chinook",1
"1170","JSOES_May2024","90839-590","chum",7.97983045324756e-61
"1171","JSOES_May2024","90839-591","chinook",1
"1172","JSOES_May2024","90839-591","steelhead",1.48052543124155e-58
"1173","JSOES_May2024","90839-592","chinook",1
"1174","JSOES_May2024","90839-592","chum",2.08877815817647e-90
"1175","JSOES_May2024","90839-593","chinook",1
"1176","JSOES_May2024","90839-593","chum",2.42961478633213e-71
"1177","JSOES_May2024","90839-594","chinook",1
"1178","JSOES_May2024","90839-594","chum",1.62525160534955e-75
"1179","JSOES_May2024","90839-595","chinook",1
"1180","JSOES_May2024","90839-595","chum",2.49983125432763e-54
"1181","JSOES_May2024","90839-596","chinook",1
"1182","JSOES_May2024","90839-596","chum",4.63893401107124e-74
"1183","JSOES_May2024","90839-597","chinook",1
"1184","JSOES_May2024","90839-597","chum",2.19347641393162e-72
"1185","JSOES_May2024","90839-598","chinook",1
"1186","JSOES_May2024","90839-598","chum",3.31848991971622e-88
"1187","JSOES_May2024","90839-599","chinook",1
"1188","JSOES_May2024","90839-599","chum",8.34109789420502e-97
"1189","JSOES_May2024","90839-600","chinook",1
"1190","JSOES_May2024","90839-600","chum",3.09018786208936e-72
"1191","JSOES_May2024","90839-601","chinook",1
"1192","JSOES_May2024","90839-601","chum",1.24758956283191e-81
"1193","JSOES_May2024","90839-602","chinook",1
"1194","JSOES_May2024","90839-602","chum",1.88671306389261e-75
"1195","JSOES_May2024","90839-603","chinook",1
"1196","JSOES_May2024","90839-603","chum",3.21143392769289e-72
"1197","JSOES_May2024","90839-604","chinook",1
"1198","JSOES_May2024","90839-604","chum",1.85217674877457e-89
"1199","JSOES_May2024","90839-605","chinook",1
"1200","JSOES_May2024","90839-605","chum",6.71325143209914e-80
"1201","JSOES_May2024","90839-606","chinook",1
"1202","JSOES_May2024","90839-606","chum",4.22580346624534e-89
"1203","JSOES_May2024","90839-607","chinook",1
"1204","JSOES_May2024","90839-607","chum",4.6236127033925e-88
"1205","JSOES_May2024","90839-608","chum",1
"1206","JSOES_May2024","90839-608","sockeye",1.32087381586633e-16
"1207","JSOES_May2024","90839-609","chinook",1
"1208","JSOES_May2024","90839-609","chum",8.71048087789957e-90
"1209","JSOES_May2024","90839-610","chinook",1
"1210","JSOES_May2024","90839-610","chum",2.34874463949988e-77
"1211","JSOES_May2024","90839-611","chinook",1
"1212","JSOES_May2024","90839-611","chum",7.26851300786185e-83
"1213","JSOES_May2024","90839-612","chinook",1
"1214","JSOES_May2024","90839-612","chum",5.46355751774518e-90
"1215","JSOES_May2024","90839-613","chinook",1
"1216","JSOES_May2024","90839-613","chum",5.43825420005706e-72
"1217","JSOES_May2024","90839-614","chinook",1
"1218","JSOES_May2024","90839-614","chum",8.40925028279705e-78
"1219","JSOES_May2024","90839-615","chinook",1
"1220","JSOES_May2024","90839-615","chum",3.03419391332715e-56
"1221","JSOES_May2024","90839-616","chinook",1
"1222","JSOES_May2024","90839-616","chum",5.72982498608164e-86
"1223","JSOES_May2024","90839-617","chinook",1
"1224","JSOES_May2024","90839-617","chum",2.81881530517334e-86
"1225","JSOES_May2024","90839-618","chinook",1
"1226","JSOES_May2024","90839-618","chum",3.40869248338475e-102
"1227","JSOES_May2024","90839-619","chinook",1
"1228","JSOES_May2024","90839-619","chum",4.29266189064725e-58
"1229","JSOES_May2024","90839-620","chinook",1
"1230","JSOES_May2024","90839-620","chum",9.63706119319152e-70
"1231","JSOES_May2024","90839-621","chinook",1
"1232","JSOES_May2024","90839-621","chum",1.47205423486262e-77
"1233","JSOES_May2024","90839-622","chinook",1
"1234","JSOES_May2024","90839-622","chum",7.06027567652463e-71
"1235","JSOES_May2024","90839-623","chinook",1
"1236","JSOES_May2024","90839-623","steelhead",1.73433228652014e-82
"1237","JSOES_May2024","90839-624","chinook",1
"1238","JSOES_May2024","90839-624","chum",5.1066399742066e-58
"1239","JSOES_May2024","90839-625","chinook",1
"1240","JSOES_May2024","90839-625","chum",1.13444271010771e-55
"1241","JSOES_May2024","90839-626","chinook",1
"1242","JSOES_May2024","90839-626","chum",1.17307343944214e-63
"1243","JSOES_May2024","90839-627","chinook",1
"1244","JSOES_May2024","90839-627","chum",6.273734790427e-63
"1245","JSOES_May2024","90839-628","chinook",1
"1246","JSOES_May2024","90839-628","chum",2.67659130084866e-94
"1247","JSOES_May2024","90839-629","chinook",1
"1248","JSOES_May2024","90839-629","chum",9.60248177243842e-93
"1249","JSOES_May2024","90839-630","chinook",1
"1250","JSOES_May2024","90839-630","chum",8.21844113211654e-98
"1251","JSOES_May2024","90839-631","chinook",1
"1252","JSOES_May2024","90839-631","steelhead",2.03201281273588e-90
"1253","JSOES_May2024","90839-632","chinook",1
"1254","JSOES_May2024","90839-632","chum",2.53926266389977e-77
"1255","JSOES_May2024","90839-633","chinook",1
"1256","JSOES_May2024","90839-633","chum",7.76234597721886e-89
"1257","JSOES_May2024","90839-634","chinook",1
"1258","JSOES_May2024","90839-634","chum",2.40341708267317e-64
"1259","JSOES_May2024","90839-635","chinook",1
"1260","JSOES_May2024","90839-635","chum",1.00068087664059e-70
"1261","JSOES_May2024","90839-636","chinook",1
"1262","JSOES_May2024","90839-636","chum",2.50617484382997e-99
"1263","JSOES_May2024","90839-637","chinook",1
"1264","JSOES_May2024","90839-637","chum",9.53190511965266e-87
"1265","JSOES_May2024","90839-638","chinook",1
"1266","JSOES_May2024","90839-638","chum",1.08156254712261e-60
"1267","JSOES_May2024","90839-639","chinook",1
"1268","JSOES_May2024","90839-639","chum",9.12020183286029e-73
"1269","JSOES_May2024","90839-640","chinook",1
"1270","JSOES_May2024","90839-640","chum",4.73410136069021e-55
"1271","JSOES_May2024","90839-641","chinook",1
"1272","JSOES_May2024","90839-641","chum",1.00251983854117e-75
